source,target,M1,M2,M3,M4,M5,M6
Dataset/synthetic_shape_dataset_multiple/star_21_original.png,Dataset/synthetic_shape_dataset_multiple/star_21_transformed_0.png,1.0586866476413157,0.21228634578382036,-20.0,-0.14690936704242546,1.0697198457425425,-7.0
Dataset/synthetic_shape_dataset_multiple/star_21_original.png,Dataset/synthetic_shape_dataset_multiple/star_21_transformed_1.png,1.0765134915891241,0.15899940627467707,-5.0,-0.15727321839032068,1.0767670330885215,19.0
Dataset/synthetic_shape_dataset_multiple/star_22_original.png,Dataset/synthetic_shape_dataset_multiple/star_22_transformed_0.png,1.0261721380016404,-0.12836458068751372,20.0,0.07821689891584828,1.0312074665701014,6.0
Dataset/synthetic_shape_dataset_multiple/star_22_original.png,Dataset/synthetic_shape_dataset_multiple/star_22_transformed_1.png,1.0703413818190477,-0.0611121867000393,19.0,0.1001006227385783,1.0674011609160436,-1.0
Dataset/synthetic_shape_dataset_multiple/star_23_original.png,Dataset/synthetic_shape_dataset_multiple/star_23_transformed_0.png,1.0489580408560746,0.16248533814497457,-18.0,-0.1840688264932062,1.045386590550173,4.0
Dataset/synthetic_shape_dataset_multiple/star_23_original.png,Dataset/synthetic_shape_dataset_multiple/star_23_transformed_1.png,1.0691576801442164,-0.12282908937698292,7.0,0.11204831162200599,1.0703412101153535,15.0
Dataset/synthetic_shape_dataset_multiple/star_24_original.png,Dataset/synthetic_shape_dataset_multiple/star_24_transformed_0.png,1.0695151770175388,0.07810113284005031,-20.0,-0.08914573098523211,1.0686512712147331,-9.0
Dataset/synthetic_shape_dataset_multiple/star_24_original.png,Dataset/synthetic_shape_dataset_multiple/star_24_transformed_1.png,0.9824855728486178,0.2263691046982116,4.0,-0.17015394728572256,0.9937648145515287,17.0
Dataset/synthetic_shape_dataset_multiple/star_25_original.png,Dataset/synthetic_shape_dataset_multiple/star_25_transformed_0.png,0.9989333176093393,0.04682432430107142,17.0,-0.12006919813693621,0.992795889412827,-11.0
Dataset/synthetic_shape_dataset_multiple/star_25_original.png,Dataset/synthetic_shape_dataset_multiple/star_25_transformed_1.png,1.0733761764200915,-0.2324037872404594,15.0,0.1538173531654752,1.087422713711228,-3.0
Dataset/synthetic_shape_dataset_multiple/star_26_original.png,Dataset/synthetic_shape_dataset_multiple/star_26_transformed_0.png,1.075731936460601,-0.07533284558349908,-10.0,0.06122288752244007,1.076627138237002,7.0
Dataset/synthetic_shape_dataset_multiple/star_26_original.png,Dataset/synthetic_shape_dataset_multiple/star_26_transformed_1.png,1.0479187540113861,0.02526955315446411,9.0,-0.09699036296835471,1.0437265613256517,16.0
Dataset/synthetic_shape_dataset_multiple/star_27_original.png,Dataset/synthetic_shape_dataset_multiple/star_27_transformed_0.png,1.0530739947454235,0.1360644316792205,15.0,-0.07589195140334894,1.0591122601922165,10.0
Dataset/synthetic_shape_dataset_multiple/star_27_original.png,Dataset/synthetic_shape_dataset_multiple/star_27_transformed_1.png,1.0015072656319246,-0.011263429285489906,0.0,0.08648927187972201,0.9978292808905334,18.0
Dataset/synthetic_shape_dataset_multiple/star_28_original.png,Dataset/synthetic_shape_dataset_multiple/star_28_transformed_0.png,1.064066573125667,0.21476429293696445,13.0,-0.12146929956831302,1.07870597607805,19.0
Dataset/synthetic_shape_dataset_multiple/star_28_original.png,Dataset/synthetic_shape_dataset_multiple/star_28_transformed_1.png,1.0453370394661026,-0.17810985186421713,-4.0,0.16861931201037483,1.0469098208671066,1.0
Dataset/synthetic_shape_dataset_multiple/star_29_original.png,Dataset/synthetic_shape_dataset_multiple/star_29_transformed_0.png,1.0909172377403809,0.04300641099584579,5.0,0.045899912921953875,1.090799325714681,-8.0
Dataset/synthetic_shape_dataset_multiple/star_29_original.png,Dataset/synthetic_shape_dataset_multiple/star_29_transformed_1.png,1.076952633549745,-0.005882475101433073,-17.0,0.09381954634257826,1.0728743967245762,1.0
Dataset/synthetic_shape_dataset_multiple/star_30_original.png,Dataset/synthetic_shape_dataset_multiple/star_30_transformed_0.png,1.027702301146319,0.08633135706164477,-7.0,-0.08817710768332704,1.027545580825565,15.0
Dataset/synthetic_shape_dataset_multiple/star_30_original.png,Dataset/synthetic_shape_dataset_multiple/star_30_transformed_1.png,1.0921705732533733,-0.12679473593534205,-2.0,0.13068242590189355,1.091712219269305,-3.0
Dataset/synthetic_shape_dataset_multiple/star_31_original.png,Dataset/synthetic_shape_dataset_multiple/star_31_transformed_0.png,0.9983155235912539,0.14794692816356717,-17.0,-0.16909638971074714,0.9949515511737775,1.0
Dataset/synthetic_shape_dataset_multiple/star_31_original.png,Dataset/synthetic_shape_dataset_multiple/star_31_transformed_1.png,1.0497544406485664,0.18011174031292135,8.0,-0.14058270433991263,1.0557751313136763,-11.0
Dataset/synthetic_shape_dataset_multiple/star_32_original.png,Dataset/synthetic_shape_dataset_multiple/star_32_transformed_0.png,1.0401928897134778,-0.1144938064791768,-6.0,0.07923976927823977,1.0434707176041396,-17.0
Dataset/synthetic_shape_dataset_multiple/star_32_original.png,Dataset/synthetic_shape_dataset_multiple/star_32_transformed_1.png,1.0649626553506302,0.013893824226467637,17.0,0.04011249911574933,1.0642976477742447,2.0
Dataset/synthetic_shape_dataset_multiple/star_33_original.png,Dataset/synthetic_shape_dataset_multiple/star_33_transformed_0.png,1.0071062601775502,-0.1825365426295678,4.0,0.12654163915176528,1.0156622579601706,-11.0
Dataset/synthetic_shape_dataset_multiple/star_33_original.png,Dataset/synthetic_shape_dataset_multiple/star_33_transformed_1.png,1.0001000108678046,0.004990112718834768,2.0,-0.06350929766742663,0.9980939344934023,8.0
Dataset/synthetic_shape_dataset_multiple/star_34_original.png,Dataset/synthetic_shape_dataset_multiple/star_34_transformed_0.png,1.0163392177035813,-0.1924669357495839,2.0,0.12933032061313612,1.0262858251818865,6.0
Dataset/synthetic_shape_dataset_multiple/star_34_original.png,Dataset/synthetic_shape_dataset_multiple/star_34_transformed_1.png,1.000776315847596,0.22474308753031008,3.0,-0.1751763006682943,1.0106314627193809,-13.0
Dataset/synthetic_shape_dataset_multiple/star_35_original.png,Dataset/synthetic_shape_dataset_multiple/star_35_transformed_0.png,1.010972799798853,0.09562130365993371,6.0,-0.014585729072150947,1.0153800727580733,-18.0
Dataset/synthetic_shape_dataset_multiple/star_35_original.png,Dataset/synthetic_shape_dataset_multiple/star_35_transformed_1.png,1.0801822748284584,-0.05438985572203568,-14.0,0.13513675783574394,1.0730750486059635,1.0
Dataset/synthetic_shape_dataset_multiple/star_36_original.png,Dataset/synthetic_shape_dataset_multiple/star_36_transformed_0.png,1.0248709127857667,-0.0376527399999027,11.0,0.11912643432687775,1.018620149687014,5.0
Dataset/synthetic_shape_dataset_multiple/star_36_original.png,Dataset/synthetic_shape_dataset_multiple/star_36_transformed_1.png,1.0732061382727809,-0.04012137158507063,11.0,0.03901085566989753,1.0732470791127946,1.0
Dataset/synthetic_shape_dataset_multiple/star_37_original.png,Dataset/synthetic_shape_dataset_multiple/star_37_transformed_0.png,1.050382595781271,-0.03862433822384886,2.0,0.025369651013570933,1.0507862855171268,3.0
Dataset/synthetic_shape_dataset_multiple/star_37_original.png,Dataset/synthetic_shape_dataset_multiple/star_37_transformed_1.png,1.080438454474802,-0.15112455285597404,-3.0,0.18415350308686204,1.0753015259380292,-20.0
Dataset/synthetic_shape_dataset_multiple/star_38_original.png,Dataset/synthetic_shape_dataset_multiple/star_38_transformed_0.png,0.9949845544678662,-0.18121771739656722,2.0,0.09804112328034707,1.006589321855725,-6.0
Dataset/synthetic_shape_dataset_multiple/star_38_original.png,Dataset/synthetic_shape_dataset_multiple/star_38_transformed_1.png,1.0449839404675259,0.018589249321983,-1.0,0.0045532245305079004,1.045139351556417,20.0
Dataset/synthetic_shape_dataset_multiple/star_39_original.png,Dataset/synthetic_shape_dataset_multiple/star_39_transformed_0.png,1.0212459653612465,0.09952253037890328,-2.0,-0.07732882646288694,1.0231658264511754,-18.0
Dataset/synthetic_shape_dataset_multiple/star_39_original.png,Dataset/synthetic_shape_dataset_multiple/star_39_transformed_1.png,1.0564270712240587,-0.196033168767745,-4.0,0.15421458147899014,1.0633367401399358,-9.0
Dataset/synthetic_shape_dataset_multiple/star_40_original.png,Dataset/synthetic_shape_dataset_multiple/star_40_transformed_0.png,1.0783887826650806,-0.15845777550429452,-3.0,0.08491408070416666,1.0866558020338408,-11.0
Dataset/synthetic_shape_dataset_multiple/star_40_original.png,Dataset/synthetic_shape_dataset_multiple/star_40_transformed_1.png,1.0692877440611985,-0.22681043193837397,-11.0,0.17089209926665985,1.0796365786892332,5.0
Dataset/synthetic_shape_dataset_multiple/star_41_original.png,Dataset/synthetic_shape_dataset_multiple/star_41_transformed_0.png,1.0460359225348377,-0.04591785635875006,-10.0,0.07041832536847167,1.0446726091068876,6.0
Dataset/synthetic_shape_dataset_multiple/star_41_original.png,Dataset/synthetic_shape_dataset_multiple/star_41_transformed_1.png,1.0371433038423215,0.0166892921373333,1.0,-0.08974234016694956,1.033388154353615,-11.0
Dataset/synthetic_shape_dataset_multiple/star_42_original.png,Dataset/synthetic_shape_dataset_multiple/star_42_transformed_0.png,1.0033866597616508,0.010222507373551152,19.0,0.02390811001423843,1.0031538720057815,6.0
Dataset/synthetic_shape_dataset_multiple/star_42_original.png,Dataset/synthetic_shape_dataset_multiple/star_42_transformed_1.png,1.0352828965792624,0.1306029874831241,-12.0,-0.12031507084275615,1.0365288708073535,5.0
Dataset/synthetic_shape_dataset_multiple/star_43_original.png,Dataset/synthetic_shape_dataset_multiple/star_43_transformed_0.png,1.0015383957189046,-0.15364751506362875,-9.0,0.15172292390463327,1.0018317580044336,-2.0
Dataset/synthetic_shape_dataset_multiple/star_43_original.png,Dataset/synthetic_shape_dataset_multiple/star_43_transformed_1.png,1.028355410478501,0.06367316272155052,-7.0,-0.02441392713331902,1.0300354761236628,-10.0
Dataset/synthetic_shape_dataset_multiple/star_44_original.png,Dataset/synthetic_shape_dataset_multiple/star_44_transformed_0.png,1.0840432817883174,0.18434703737226396,4.0,-0.09954870792563611,1.0950907367559333,1.0
Dataset/synthetic_shape_dataset_multiple/star_44_original.png,Dataset/synthetic_shape_dataset_multiple/star_44_transformed_1.png,1.0530258995736834,-0.18756532150513977,11.0,0.139475750694499,1.060467260207734,-1.0
Dataset/synthetic_shape_dataset_multiple/star_45_original.png,Dataset/synthetic_shape_dataset_multiple/star_45_transformed_0.png,1.0903284486969091,0.0074378477503861526,5.0,0.07236990926821604,1.087949467507327,-19.0
Dataset/synthetic_shape_dataset_multiple/star_45_original.png,Dataset/synthetic_shape_dataset_multiple/star_45_transformed_1.png,0.9790231883407814,0.20736922424175705,20.0,-0.16056768186875126,0.9877785268018701,3.0
Dataset/synthetic_shape_dataset_multiple/star_46_original.png,Dataset/synthetic_shape_dataset_multiple/star_46_transformed_0.png,1.050254247658613,0.0037550204131891595,-17.0,-0.039920258693647036,1.0495020046903651,1.0
Dataset/synthetic_shape_dataset_multiple/star_46_original.png,Dataset/synthetic_shape_dataset_multiple/star_46_transformed_1.png,1.041364484476981,0.012679844774525406,19.0,-0.09596450948360605,1.0370108875576405,18.0
Dataset/synthetic_shape_dataset_multiple/star_47_original.png,Dataset/synthetic_shape_dataset_multiple/star_47_transformed_0.png,1.0760845287246497,0.10623068613058298,12.0,-0.04551104678258521,1.080357170688046,-12.0
Dataset/synthetic_shape_dataset_multiple/star_47_original.png,Dataset/synthetic_shape_dataset_multiple/star_47_transformed_1.png,1.0173920827741858,-0.15448312507955106,-10.0,0.11585562114115523,1.022511203398739,-20.0
Dataset/synthetic_shape_dataset_multiple/star_48_original.png,Dataset/synthetic_shape_dataset_multiple/star_48_transformed_0.png,1.0665899508058694,-0.17010160811115002,11.0,0.17583989835804348,1.065658955945803,-6.0
Dataset/synthetic_shape_dataset_multiple/star_48_original.png,Dataset/synthetic_shape_dataset_multiple/star_48_transformed_1.png,1.0283837693606455,-0.05444724598253913,8.0,0.1316081022148799,1.0213799425830186,-8.0
Dataset/synthetic_shape_dataset_multiple/star_49_original.png,Dataset/synthetic_shape_dataset_multiple/star_49_transformed_0.png,1.0230232708150366,-0.12140644841825989,-14.0,0.06515396971404291,1.028139629903027,14.0
Dataset/synthetic_shape_dataset_multiple/star_49_original.png,Dataset/synthetic_shape_dataset_multiple/star_49_transformed_1.png,1.0326951734192977,-0.0754198508623202,-4.0,0.10302829504596979,1.0303070637084504,12.0
Dataset/synthetic_shape_dataset_multiple/star_50_original.png,Dataset/synthetic_shape_dataset_multiple/star_50_transformed_0.png,1.0749228148947032,0.08119850812114629,5.0,-0.15589611195483624,1.0666530166739405,4.0
Dataset/synthetic_shape_dataset_multiple/star_50_original.png,Dataset/synthetic_shape_dataset_multiple/star_50_transformed_1.png,1.032431922266599,0.2170940949863376,14.0,-0.13787215121733312,1.0459621360793834,-11.0
Dataset/synthetic_shape_dataset_multiple/star_51_original.png,Dataset/synthetic_shape_dataset_multiple/star_51_transformed_0.png,1.0909658847950052,0.004043868024627356,8.0,-0.09665510017894313,1.0866833514251277,2.0
Dataset/synthetic_shape_dataset_multiple/star_51_original.png,Dataset/synthetic_shape_dataset_multiple/star_51_transformed_1.png,1.089013307172632,-0.09186253170549377,-20.0,0.005050379087744075,1.0928692518327552,4.0
Dataset/synthetic_shape_dataset_multiple/star_52_original.png,Dataset/synthetic_shape_dataset_multiple/star_52_transformed_0.png,1.0755253789111086,-0.03631366238255114,7.0,0.050940476264637935,1.0749319004641407,3.0
Dataset/synthetic_shape_dataset_multiple/star_52_original.png,Dataset/synthetic_shape_dataset_multiple/star_52_transformed_1.png,1.0466435829996747,-0.16830153264902445,18.0,0.09122447035142474,1.056156376553922,5.0
Dataset/synthetic_shape_dataset_multiple/star_53_original.png,Dataset/synthetic_shape_dataset_multiple/star_53_transformed_0.png,1.0664077465090498,-0.028172858010418148,17.0,-0.009932588319234197,1.0667335822182902,1.0
Dataset/synthetic_shape_dataset_multiple/star_53_original.png,Dataset/synthetic_shape_dataset_multiple/star_53_transformed_1.png,1.040559422952484,-0.1961483232361925,4.0,0.18229883371577588,1.0430748835196082,11.0
Dataset/synthetic_shape_dataset_multiple/star_54_original.png,Dataset/synthetic_shape_dataset_multiple/star_54_transformed_0.png,1.0475719824715441,-0.12513494704403422,-6.0,0.17578826078203352,1.0402712630858848,3.0
Dataset/synthetic_shape_dataset_multiple/star_54_original.png,Dataset/synthetic_shape_dataset_multiple/star_54_transformed_1.png,1.0031429493447814,-0.1318852019266549,-20.0,0.1629625155557555,0.9985653217647413,-14.0
Dataset/synthetic_shape_dataset_multiple/star_55_original.png,Dataset/synthetic_shape_dataset_multiple/star_55_transformed_0.png,1.0197473166433808,0.02001940530784586,1.0,0.02547285263016702,1.0196256666880925,5.0
Dataset/synthetic_shape_dataset_multiple/star_55_original.png,Dataset/synthetic_shape_dataset_multiple/star_55_transformed_1.png,1.029432754803592,0.008421909120566397,-5.0,-0.05329606798048947,1.0280866959325785,20.0
Dataset/synthetic_shape_dataset_multiple/star_56_original.png,Dataset/synthetic_shape_dataset_multiple/star_56_transformed_0.png,1.0162416217249755,-0.25369265686080394,6.0,0.17034059128384402,1.0334849204668504,1.0
Dataset/synthetic_shape_dataset_multiple/star_56_original.png,Dataset/synthetic_shape_dataset_multiple/star_56_transformed_1.png,1.0211596524088016,-0.16397897356320001,-13.0,0.14649266372543343,1.023814455335112,9.0
Dataset/synthetic_shape_dataset_multiple/star_57_original.png,Dataset/synthetic_shape_dataset_multiple/star_57_transformed_0.png,0.9953171603104349,0.1023240452970544,15.0,-0.11598130627372298,0.9938182914645023,-14.0
Dataset/synthetic_shape_dataset_multiple/star_57_original.png,Dataset/synthetic_shape_dataset_multiple/star_57_transformed_1.png,1.0013192520873657,-0.1092801046014758,11.0,0.12664203010617314,0.9992718259178021,-8.0
Dataset/synthetic_shape_dataset_multiple/star_58_original.png,Dataset/synthetic_shape_dataset_multiple/star_58_transformed_0.png,1.077279478008743,0.02957109956672914,-17.0,-0.00927943860894778,1.0776453107063926,-5.0
Dataset/synthetic_shape_dataset_multiple/star_58_original.png,Dataset/synthetic_shape_dataset_multiple/star_58_transformed_1.png,1.0496160777788717,0.05887460663905808,-13.0,-0.03356082734671533,1.0507301275335215,9.0
Dataset/synthetic_shape_dataset_multiple/star_59_original.png,Dataset/synthetic_shape_dataset_multiple/star_59_transformed_0.png,1.0451967642617626,-0.06195371342741174,12.0,-0.0005178364449056471,1.047031169772954,-9.0
Dataset/synthetic_shape_dataset_multiple/star_59_original.png,Dataset/synthetic_shape_dataset_multiple/star_59_transformed_1.png,1.028242816137366,-0.02364726201371698,5.0,0.0370772213971078,1.0278461760362374,-5.0
Dataset/synthetic_shape_dataset_multiple/star_60_original.png,Dataset/synthetic_shape_dataset_multiple/star_60_transformed_0.png,1.0144628325777116,0.05067824891485165,-11.0,-0.07524874599035355,1.0129366958608763,19.0
Dataset/synthetic_shape_dataset_multiple/star_60_original.png,Dataset/synthetic_shape_dataset_multiple/star_60_transformed_1.png,1.0366960799469227,0.07989037294845486,4.0,-0.14193116046288493,1.0300372709551913,-3.0
Dataset/synthetic_shape_dataset_multiple/star_61_original.png,Dataset/synthetic_shape_dataset_multiple/star_61_transformed_0.png,0.9992978137334072,0.06105851472617402,6.0,-0.11626935633020372,0.9943870974281062,6.0
Dataset/synthetic_shape_dataset_multiple/star_61_original.png,Dataset/synthetic_shape_dataset_multiple/star_61_transformed_1.png,0.9895846764185621,-0.1711660472976104,16.0,0.16478780925937583,0.9906667580318892,-12.0
Dataset/synthetic_shape_dataset_multiple/star_62_original.png,Dataset/synthetic_shape_dataset_multiple/star_62_transformed_0.png,1.08148378060779,0.040628993583757496,-3.0,0.018015049420712165,1.0820967335833322,-10.0
Dataset/synthetic_shape_dataset_multiple/star_62_original.png,Dataset/synthetic_shape_dataset_multiple/star_62_transformed_1.png,1.055258153218094,-0.09464650939908183,-1.0,0.1441095222804522,1.049647644337276,-9.0
Dataset/synthetic_shape_dataset_multiple/star_63_original.png,Dataset/synthetic_shape_dataset_multiple/star_63_transformed_0.png,1.0527904066749203,0.11856362128781074,-13.0,-0.030975293060962673,1.0589926835910675,13.0
Dataset/synthetic_shape_dataset_multiple/star_63_original.png,Dataset/synthetic_shape_dataset_multiple/star_63_transformed_1.png,1.0655274664930705,-0.09090945964572593,5.0,0.00637813665774951,1.0693795542635902,-4.0
Dataset/synthetic_shape_dataset_multiple/star_64_original.png,Dataset/synthetic_shape_dataset_multiple/star_64_transformed_0.png,1.0261076224351229,-0.06973280545015306,-12.0,0.08937685728930092,1.0245834735913406,5.0
Dataset/synthetic_shape_dataset_multiple/star_64_original.png,Dataset/synthetic_shape_dataset_multiple/star_64_transformed_1.png,1.0797683328198233,-0.040163628117747506,1.0,-0.04995872643275116,1.0793594837853138,19.0
Dataset/synthetic_shape_dataset_multiple/star_65_original.png,Dataset/synthetic_shape_dataset_multiple/star_65_transformed_0.png,1.0508432454512062,0.10347363806361297,10.0,-0.07439342296114144,1.0533014473096807,-19.0
Dataset/synthetic_shape_dataset_multiple/star_65_original.png,Dataset/synthetic_shape_dataset_multiple/star_65_transformed_1.png,0.983349001212492,-0.23305156557749065,-18.0,0.1729517439132679,0.9956786553306666,6.0
Dataset/synthetic_shape_dataset_multiple/star_66_original.png,Dataset/synthetic_shape_dataset_multiple/star_66_transformed_0.png,1.0150728755033402,-0.008082157383946104,14.0,-0.07564076592317368,1.0122829339572776,3.0
Dataset/synthetic_shape_dataset_multiple/star_66_original.png,Dataset/synthetic_shape_dataset_multiple/star_66_transformed_1.png,1.0145310132156868,-0.08603145840788262,10.0,0.1667396966582727,1.0044264344244145,-20.0
Dataset/synthetic_shape_dataset_multiple/star_67_original.png,Dataset/synthetic_shape_dataset_multiple/star_67_transformed_0.png,1.0716012767333667,0.010558839831029591,-9.0,0.020829415668355798,1.071450848540461,3.0
Dataset/synthetic_shape_dataset_multiple/star_67_original.png,Dataset/synthetic_shape_dataset_multiple/star_67_transformed_1.png,1.0660189847607122,0.20912796775504805,1.0,-0.1292672026835787,1.0786199391249816,3.0
Dataset/synthetic_shape_dataset_multiple/star_68_original.png,Dataset/synthetic_shape_dataset_multiple/star_68_transformed_0.png,0.9849499781954616,0.20207273368591935,12.0,-0.15657858970970198,0.9931983661339066,-14.0
Dataset/synthetic_shape_dataset_multiple/star_68_original.png,Dataset/synthetic_shape_dataset_multiple/star_68_transformed_1.png,1.0087049560998145,-0.019707775565503835,-16.0,0.07026617360668067,1.0064475891593883,-15.0
Dataset/synthetic_shape_dataset_multiple/star_69_original.png,Dataset/synthetic_shape_dataset_multiple/star_69_transformed_0.png,1.064670407550256,0.1870187341307213,7.0,-0.1475854994186969,1.0708490108275859,-16.0
Dataset/synthetic_shape_dataset_multiple/star_69_original.png,Dataset/synthetic_shape_dataset_multiple/star_69_transformed_1.png,1.0517712641512047,-0.18718477140547193,8.0,0.15226781487176924,1.057390865902727,6.0
Dataset/synthetic_shape_dataset_multiple/star_70_original.png,Dataset/synthetic_shape_dataset_multiple/star_70_transformed_0.png,1.0471507118274286,-0.17208621221900533,8.0,0.16397238548178095,1.0484518751549778,-17.0
Dataset/synthetic_shape_dataset_multiple/star_70_original.png,Dataset/synthetic_shape_dataset_multiple/star_70_transformed_1.png,1.0272169680715162,0.12675097600293095,19.0,-0.057051393331938705,1.0334339107706008,-11.0
Dataset/synthetic_shape_dataset_multiple/star_71_original.png,Dataset/synthetic_shape_dataset_multiple/star_71_transformed_0.png,1.0734418646129535,0.16387940377036567,11.0,-0.12327044058662373,1.0788597194081557,17.0
Dataset/synthetic_shape_dataset_multiple/star_71_original.png,Dataset/synthetic_shape_dataset_multiple/star_71_transformed_1.png,1.0154299535544253,-0.007181909241742246,13.0,-0.003513419343782697,1.0154492731202351,-4.0
Dataset/synthetic_shape_dataset_multiple/star_72_original.png,Dataset/synthetic_shape_dataset_multiple/star_72_transformed_0.png,1.054493818852822,0.2114170076695377,-18.0,-0.15523826723380912,1.0642158829471555,-9.0
Dataset/synthetic_shape_dataset_multiple/star_72_original.png,Dataset/synthetic_shape_dataset_multiple/star_72_transformed_1.png,0.9912734386388152,0.15359758427679968,-4.0,-0.1008851706579247,0.9980167485507501,-12.0
Dataset/synthetic_shape_dataset_multiple/star_73_original.png,Dataset/synthetic_shape_dataset_multiple/star_73_transformed_0.png,1.0709799957347155,-0.08251312259737996,11.0,0.03572450668050447,1.073559651946335,-8.0
Dataset/synthetic_shape_dataset_multiple/star_73_original.png,Dataset/synthetic_shape_dataset_multiple/star_73_transformed_1.png,1.0390171047815346,-0.08976684122024914,16.0,0.08698637259015093,1.0392535786779238,2.0
Dataset/synthetic_shape_dataset_multiple/star_74_original.png,Dataset/synthetic_shape_dataset_multiple/star_74_transformed_0.png,1.0680138244725588,0.04606783596692255,-13.0,-0.04760568944257667,1.0679463811951768,-16.0
Dataset/synthetic_shape_dataset_multiple/star_74_original.png,Dataset/synthetic_shape_dataset_multiple/star_74_transformed_1.png,1.0257118874463316,-0.07974408863440516,-18.0,0.037998002786961624,1.0281051247343582,4.0
Dataset/synthetic_shape_dataset_multiple/star_75_original.png,Dataset/synthetic_shape_dataset_multiple/star_75_transformed_0.png,1.0913947130318902,-0.05321779085408593,-11.0,0.13554494405293893,1.0842518715865963,1.0
Dataset/synthetic_shape_dataset_multiple/star_75_original.png,Dataset/synthetic_shape_dataset_multiple/star_75_transformed_1.png,1.015587934062717,0.06923239266205328,-10.0,-0.08308611309716189,1.0145485073755203,4.0
Dataset/synthetic_shape_dataset_multiple/star_76_original.png,Dataset/synthetic_shape_dataset_multiple/star_76_transformed_0.png,0.9993503312403161,-0.04686304718993279,18.0,0.10997683603240992,0.9943854007769602,18.0
Dataset/synthetic_shape_dataset_multiple/star_76_original.png,Dataset/synthetic_shape_dataset_multiple/star_76_transformed_1.png,1.098425239186034,-0.026526836162208283,-11.0,-0.06709713806956766,1.0966948769737852,-12.0
Dataset/synthetic_shape_dataset_multiple/star_77_original.png,Dataset/synthetic_shape_dataset_multiple/star_77_transformed_0.png,1.0541712992892511,-0.1671856229551778,17.0,0.1440819150561714,1.0575767407246839,-13.0
Dataset/synthetic_shape_dataset_multiple/star_77_original.png,Dataset/synthetic_shape_dataset_multiple/star_77_transformed_1.png,1.0621141826014662,-0.12627419694847042,-13.0,0.12137386741767124,1.0626853221938466,-3.0
Dataset/synthetic_shape_dataset_multiple/star_78_original.png,Dataset/synthetic_shape_dataset_multiple/star_78_transformed_0.png,1.0681933791635745,0.015529413432769677,1.0,0.054676744223925156,1.0669061400196052,20.0
Dataset/synthetic_shape_dataset_multiple/star_78_original.png,Dataset/synthetic_shape_dataset_multiple/star_78_transformed_1.png,1.0655695379474275,-0.13954714734448267,9.0,0.14822052340012581,1.0643977278144057,13.0
Dataset/synthetic_shape_dataset_multiple/star_79_original.png,Dataset/synthetic_shape_dataset_multiple/star_79_transformed_0.png,1.0716858991131488,-0.09551576760761403,0.0,0.18252226584767672,1.060339356380522,-2.0
Dataset/synthetic_shape_dataset_multiple/star_79_original.png,Dataset/synthetic_shape_dataset_multiple/star_79_transformed_1.png,1.0544293062304042,-0.23436863481133,10.0,0.14481919400569193,1.0704098373372695,-5.0
Dataset/synthetic_shape_dataset_multiple/star_80_original.png,Dataset/synthetic_shape_dataset_multiple/star_80_transformed_0.png,1.0072113128157598,0.04376955310743859,-3.0,-0.06841991002621087,1.0058375208527848,12.0
Dataset/synthetic_shape_dataset_multiple/star_80_original.png,Dataset/synthetic_shape_dataset_multiple/star_80_transformed_1.png,1.0071613898419178,-0.11519886387674154,1.0,0.1353328046519616,1.00465410734831,14.0
Dataset/synthetic_shape_dataset_multiple/star_81_original.png,Dataset/synthetic_shape_dataset_multiple/star_81_transformed_0.png,1.0305900144848839,0.050537911402707233,-12.0,-0.09849204636057832,1.0271169238448983,11.0
Dataset/synthetic_shape_dataset_multiple/star_81_original.png,Dataset/synthetic_shape_dataset_multiple/star_81_transformed_1.png,1.055238124711354,-0.047927461315821866,11.0,0.08248568993759364,1.0531004948949714,-16.0
Dataset/synthetic_shape_dataset_multiple/star_82_original.png,Dataset/synthetic_shape_dataset_multiple/star_82_transformed_0.png,1.0272642273421662,-0.042420093459354324,-16.0,0.027716826638532196,1.0277660408026172,-15.0
Dataset/synthetic_shape_dataset_multiple/star_82_original.png,Dataset/synthetic_shape_dataset_multiple/star_82_transformed_1.png,1.033625968360008,-0.10253089554261019,-1.0,0.10653674702107466,1.0332207646689557,-12.0
Dataset/synthetic_shape_dataset_multiple/star_83_original.png,Dataset/synthetic_shape_dataset_multiple/star_83_transformed_0.png,1.0348902882164577,-0.16621969103580347,2.0,0.12121770321449443,1.0411211085940884,-7.0
Dataset/synthetic_shape_dataset_multiple/star_83_original.png,Dataset/synthetic_shape_dataset_multiple/star_83_transformed_1.png,1.038054440185856,-0.0905734536080675,-17.0,0.033163195392330695,1.0414704862642212,-8.0
Dataset/synthetic_shape_dataset_multiple/star_84_original.png,Dataset/synthetic_shape_dataset_multiple/star_84_transformed_0.png,0.9981361260626347,0.08286956573766775,8.0,-0.08341785360217786,0.9980904532041569,5.0
Dataset/synthetic_shape_dataset_multiple/star_84_original.png,Dataset/synthetic_shape_dataset_multiple/star_84_transformed_1.png,1.0275660294911309,-0.07857770152669998,-2.0,0.14310803634120514,1.0205814470565056,19.0
Dataset/synthetic_shape_dataset_multiple/star_85_original.png,Dataset/synthetic_shape_dataset_multiple/star_85_transformed_0.png,1.075806861814424,-0.0677047246090877,-3.0,0.10989085169027618,1.072319138305466,-1.0
Dataset/synthetic_shape_dataset_multiple/star_85_original.png,Dataset/synthetic_shape_dataset_multiple/star_85_transformed_1.png,1.0386723115545726,-0.11836622456764628,3.0,0.176417653770528,1.030401642732881,3.0
Dataset/synthetic_shape_dataset_multiple/star_86_original.png,Dataset/synthetic_shape_dataset_multiple/star_86_transformed_0.png,1.0581927681512133,0.08855689108217851,-9.0,-0.13447698630555152,1.0533423933744646,19.0
Dataset/synthetic_shape_dataset_multiple/star_86_original.png,Dataset/synthetic_shape_dataset_multiple/star_86_transformed_1.png,0.9975235628688968,-0.25320746456944027,20.0,0.17348306793712742,1.0144313203620363,9.0
Dataset/synthetic_shape_dataset_multiple/star_87_original.png,Dataset/synthetic_shape_dataset_multiple/star_87_transformed_0.png,1.0826442748180634,0.023494979877065832,-7.0,0.019222333817158724,1.08272856328739,9.0
Dataset/synthetic_shape_dataset_multiple/star_87_original.png,Dataset/synthetic_shape_dataset_multiple/star_87_transformed_1.png,1.018438493533823,-0.0700424250897813,-1.0,0.13091669291449107,1.012414799348683,15.0
Dataset/synthetic_shape_dataset_multiple/star_88_original.png,Dataset/synthetic_shape_dataset_multiple/star_88_transformed_0.png,0.9894598434079575,-0.18894263697999153,-18.0,0.17463765466740067,0.9920845686523515,-11.0
Dataset/synthetic_shape_dataset_multiple/star_88_original.png,Dataset/synthetic_shape_dataset_multiple/star_88_transformed_1.png,1.0795351060786063,-0.032640670228956524,-14.0,0.04568351897277945,1.079061849341087,11.0
Dataset/synthetic_shape_dataset_multiple/star_89_original.png,Dataset/synthetic_shape_dataset_multiple/star_89_transformed_0.png,1.077145042351643,-0.06975849537811127,-10.0,0.08724669945180433,1.075869742754627,-14.0
Dataset/synthetic_shape_dataset_multiple/star_89_original.png,Dataset/synthetic_shape_dataset_multiple/star_89_transformed_1.png,1.080043284513953,0.19068077488551943,-10.0,-0.09964055125870502,1.0922107923287936,-17.0
Dataset/synthetic_shape_dataset_multiple/star_90_original.png,Dataset/synthetic_shape_dataset_multiple/star_90_transformed_0.png,1.0623656667688472,-0.03422896392110326,5.0,0.09264566239173155,1.0588716698166625,-11.0
Dataset/synthetic_shape_dataset_multiple/star_90_original.png,Dataset/synthetic_shape_dataset_multiple/star_90_transformed_1.png,1.0277958629862303,0.07717952885261024,-18.0,-0.003211447069818012,1.030684579419542,-18.0
Dataset/synthetic_shape_dataset_multiple/star_91_original.png,Dataset/synthetic_shape_dataset_multiple/star_91_transformed_0.png,1.0348725154069212,0.00934076350639936,13.0,-0.059813274308732234,1.0331847585132095,5.0
Dataset/synthetic_shape_dataset_multiple/star_91_original.png,Dataset/synthetic_shape_dataset_multiple/star_91_transformed_1.png,1.088948476408591,0.07281709514168433,-2.0,-0.01880129170587703,1.091218413081293,-13.0
Dataset/synthetic_shape_dataset_multiple/star_92_original.png,Dataset/synthetic_shape_dataset_multiple/star_92_transformed_0.png,1.090713800922871,-0.14082780849331888,9.0,0.08846403367218741,1.0962039873650768,19.0
Dataset/synthetic_shape_dataset_multiple/star_92_original.png,Dataset/synthetic_shape_dataset_multiple/star_92_transformed_1.png,1.0660930168608267,-0.03175904399765086,-6.0,0.04678703969954947,1.0655392674093322,-15.0
Dataset/synthetic_shape_dataset_multiple/star_93_original.png,Dataset/synthetic_shape_dataset_multiple/star_93_transformed_0.png,1.0505417308589569,0.1803302534611817,-12.0,-0.15770398745199785,1.0541756878866289,6.0
Dataset/synthetic_shape_dataset_multiple/star_93_original.png,Dataset/synthetic_shape_dataset_multiple/star_93_transformed_1.png,1.0263815921426322,0.12175959031679129,-13.0,-0.14813197262981848,1.0229083483910746,0.0
Dataset/synthetic_shape_dataset_multiple/star_94_original.png,Dataset/synthetic_shape_dataset_multiple/star_94_transformed_0.png,1.0903271179525136,-0.11813420973702225,1.0,0.10424640865987747,1.091742461359062,-16.0
Dataset/synthetic_shape_dataset_multiple/star_94_original.png,Dataset/synthetic_shape_dataset_multiple/star_94_transformed_1.png,1.0085412817809891,0.06410991792204664,4.0,-0.02655364185475543,1.0102279459293637,-3.0
Dataset/synthetic_shape_dataset_multiple/star_95_original.png,Dataset/synthetic_shape_dataset_multiple/star_95_transformed_0.png,1.0066219456142529,0.25719873569885354,14.0,-0.17368854997714697,1.0243394059803366,13.0
Dataset/synthetic_shape_dataset_multiple/star_95_original.png,Dataset/synthetic_shape_dataset_multiple/star_95_transformed_1.png,1.067105170476101,-0.05172501011266624,-6.0,0.1203067753981829,1.0615626224209644,-10.0
Dataset/synthetic_shape_dataset_multiple/star_96_original.png,Dataset/synthetic_shape_dataset_multiple/star_96_transformed_0.png,1.0327846803475436,0.051409652551525166,-15.0,0.031009391867277778,1.0335983581411436,-16.0
Dataset/synthetic_shape_dataset_multiple/star_96_original.png,Dataset/synthetic_shape_dataset_multiple/star_96_transformed_1.png,1.0350418037436784,0.10034773164615088,-1.0,-0.10606406894395737,1.034471660328376,7.0
Dataset/synthetic_shape_dataset_multiple/star_97_original.png,Dataset/synthetic_shape_dataset_multiple/star_97_transformed_0.png,1.0377326440403105,0.007673681663554083,17.0,-0.04156226141037672,1.0369283988413196,9.0
Dataset/synthetic_shape_dataset_multiple/star_97_original.png,Dataset/synthetic_shape_dataset_multiple/star_97_transformed_1.png,1.0210306025397802,-0.0407329229939724,-12.0,0.12474074989355549,1.0142003784530809,-9.0
Dataset/synthetic_shape_dataset_multiple/star_98_original.png,Dataset/synthetic_shape_dataset_multiple/star_98_transformed_0.png,1.044693016914559,-0.15384938807046641,3.0,0.110143470689253,1.0502007187505755,4.0
Dataset/synthetic_shape_dataset_multiple/star_98_original.png,Dataset/synthetic_shape_dataset_multiple/star_98_transformed_1.png,1.0119286113358648,-0.08969782197997238,11.0,0.1430349460300139,1.0057764254158443,-10.0
Dataset/synthetic_shape_dataset_multiple/star_99_original.png,Dataset/synthetic_shape_dataset_multiple/star_99_transformed_0.png,1.0455262108143952,0.025928987911102423,13.0,-0.10579200689428955,1.0404832632922452,-5.0
Dataset/synthetic_shape_dataset_multiple/star_99_original.png,Dataset/synthetic_shape_dataset_multiple/star_99_transformed_1.png,1.0282468666247033,0.018158193727237815,11.0,0.040895456107413235,1.0275937428734778,1.0
Dataset/synthetic_shape_dataset_multiple/star_100_original.png,Dataset/synthetic_shape_dataset_multiple/star_100_transformed_0.png,0.9945670780241991,0.18926118695164007,15.0,-0.1617075402512018,0.999416900498407,-11.0
Dataset/synthetic_shape_dataset_multiple/star_100_original.png,Dataset/synthetic_shape_dataset_multiple/star_100_transformed_1.png,0.9988075662618225,0.09293226324728779,-17.0,-0.04539603710431693,1.0020938877118009,-9.0
Dataset/synthetic_shape_dataset_multiple/star_101_original.png,Dataset/synthetic_shape_dataset_multiple/star_101_transformed_0.png,1.0740895050599437,0.011512503635333581,3.0,0.000405968776556915,1.0741511242880217,0.0
Dataset/synthetic_shape_dataset_multiple/star_101_original.png,Dataset/synthetic_shape_dataset_multiple/star_101_transformed_1.png,1.0161605105321145,-0.06049720651723369,-7.0,0.021758293822723818,1.017727208937248,3.0
Dataset/synthetic_shape_dataset_multiple/star_102_original.png,Dataset/synthetic_shape_dataset_multiple/star_102_transformed_0.png,1.0033015134056795,-0.09422496206637285,-10.0,0.08926612227007688,1.0037548653398398,-19.0
Dataset/synthetic_shape_dataset_multiple/star_102_original.png,Dataset/synthetic_shape_dataset_multiple/star_102_transformed_1.png,1.0154026601060264,-0.18651215977063734,4.0,0.14236953848786074,1.0225264115921193,-1.0
Dataset/synthetic_shape_dataset_multiple/star_103_original.png,Dataset/synthetic_shape_dataset_multiple/star_103_transformed_0.png,1.090151748616423,0.0014584678641814239,9.0,-0.051725507476631995,1.0889248982442454,-6.0
Dataset/synthetic_shape_dataset_multiple/star_103_original.png,Dataset/synthetic_shape_dataset_multiple/star_103_transformed_1.png,1.0025163405337552,0.07633282535784694,-14.0,-0.08818433581933703,1.0015434270067405,17.0
Dataset/synthetic_shape_dataset_multiple/star_104_original.png,Dataset/synthetic_shape_dataset_multiple/star_104_transformed_0.png,1.0012678928383223,-0.09046359128674769,-2.0,0.06891814060773074,1.0029812283749695,-1.0
Dataset/synthetic_shape_dataset_multiple/star_104_original.png,Dataset/synthetic_shape_dataset_multiple/star_104_transformed_1.png,1.0418225001798078,-0.11953492009380498,-10.0,0.14961466731763146,1.0379297521153215,19.0
Dataset/synthetic_shape_dataset_multiple/star_105_original.png,Dataset/synthetic_shape_dataset_multiple/star_105_transformed_0.png,1.0806423526292974,-0.15813182132563477,-20.0,0.11285468250789027,1.0863044636969825,-12.0
Dataset/synthetic_shape_dataset_multiple/star_105_original.png,Dataset/synthetic_shape_dataset_multiple/star_105_transformed_1.png,1.04291642082021,-0.13222318842437772,13.0,0.17288431659531708,1.0369516119129745,-9.0
Dataset/synthetic_shape_dataset_multiple/star_106_original.png,Dataset/synthetic_shape_dataset_multiple/star_106_transformed_0.png,1.0173958645183765,-0.04337686561617805,18.0,0.015826830104689806,1.01819713663839,12.0
Dataset/synthetic_shape_dataset_multiple/star_106_original.png,Dataset/synthetic_shape_dataset_multiple/star_106_transformed_1.png,1.0923681405692864,0.02865162252523431,-8.0,-0.06672520507187923,1.0907047341110445,-1.0
Dataset/synthetic_shape_dataset_multiple/star_107_original.png,Dataset/synthetic_shape_dataset_multiple/star_107_transformed_0.png,1.0331103637731192,0.008894868508800656,-17.0,-0.06841990958248854,1.030880622765769,17.0
Dataset/synthetic_shape_dataset_multiple/star_107_original.png,Dataset/synthetic_shape_dataset_multiple/star_107_transformed_1.png,1.0109308217140553,-0.028940165124291744,17.0,0.005889166733881068,1.0113278287301586,-5.0
Dataset/synthetic_shape_dataset_multiple/star_108_original.png,Dataset/synthetic_shape_dataset_multiple/star_108_transformed_0.png,1.0821911765591428,0.10006493480504447,-14.0,-0.03892995334052652,1.0861101198925016,-12.0
Dataset/synthetic_shape_dataset_multiple/star_108_original.png,Dataset/synthetic_shape_dataset_multiple/star_108_transformed_1.png,1.0378871270120604,-0.20041731918163433,0.0,0.13565225828424213,1.0483202063623915,-15.0
Dataset/synthetic_shape_dataset_multiple/star_109_original.png,Dataset/synthetic_shape_dataset_multiple/star_109_transformed_0.png,1.0334822748169934,-0.1293371396012081,-17.0,0.042367450775952435,1.04068184723088,-7.0
Dataset/synthetic_shape_dataset_multiple/star_109_original.png,Dataset/synthetic_shape_dataset_multiple/star_109_transformed_1.png,1.0156898125705394,-0.04587963923138208,14.0,-0.036489452946078235,1.016070497790028,0.0
Dataset/synthetic_shape_dataset_multiple/star_110_original.png,Dataset/synthetic_shape_dataset_multiple/star_110_transformed_0.png,1.0749206361641808,-0.054342202105981084,20.0,0.0682067092318931,1.0741300171753372,-7.0
Dataset/synthetic_shape_dataset_multiple/star_110_original.png,Dataset/synthetic_shape_dataset_multiple/star_110_transformed_1.png,1.025625830722875,0.058150450243464415,17.0,-0.012709326463255496,1.027194379136858,20.0
Dataset/synthetic_shape_dataset_multiple/star_111_original.png,Dataset/synthetic_shape_dataset_multiple/star_111_transformed_0.png,1.0519314101305968,-0.1021685364620096,20.0,0.01755363657422089,1.0567355257135793,-20.0
Dataset/synthetic_shape_dataset_multiple/star_111_original.png,Dataset/synthetic_shape_dataset_multiple/star_111_transformed_1.png,1.0254372520045811,-0.03014503470899414,8.0,0.0257071471203838,1.0255581034262486,-20.0
Dataset/synthetic_shape_dataset_multiple/star_112_original.png,Dataset/synthetic_shape_dataset_multiple/star_112_transformed_0.png,1.001855729585335,0.1113084743359323,-14.0,-0.15630567117366842,0.995827804653448,11.0
Dataset/synthetic_shape_dataset_multiple/star_112_original.png,Dataset/synthetic_shape_dataset_multiple/star_112_transformed_1.png,1.0836873716765982,0.10556171068094357,11.0,-0.12370461433201278,1.0817665010001873,17.0
Dataset/synthetic_shape_dataset_multiple/star_113_original.png,Dataset/synthetic_shape_dataset_multiple/star_113_transformed_0.png,1.0891119236078177,-0.05117103496488836,-14.0,-0.032648203568356335,1.0898244591528758,18.0
Dataset/synthetic_shape_dataset_multiple/star_113_original.png,Dataset/synthetic_shape_dataset_multiple/star_113_transformed_1.png,1.0528814395496489,0.17384903168407756,-10.0,-0.11601719433546687,1.0608123407012942,3.0
Dataset/synthetic_shape_dataset_multiple/star_114_original.png,Dataset/synthetic_shape_dataset_multiple/star_114_transformed_0.png,1.0134709319132291,-0.1102860150155115,-2.0,0.07199956078854859,1.0169082545575716,-7.0
Dataset/synthetic_shape_dataset_multiple/star_114_original.png,Dataset/synthetic_shape_dataset_multiple/star_114_transformed_1.png,1.011239734293671,-0.028694274475668694,13.0,0.02455351352412139,1.0113487462669049,10.0
Dataset/synthetic_shape_dataset_multiple/star_115_original.png,Dataset/synthetic_shape_dataset_multiple/star_115_transformed_0.png,1.0843331226345736,0.04178299088094709,14.0,-0.05055181752292956,1.0839597100051879,11.0
Dataset/synthetic_shape_dataset_multiple/star_115_original.png,Dataset/synthetic_shape_dataset_multiple/star_115_transformed_1.png,1.06870358127117,0.09046829009171421,-10.0,-0.07676938638433968,1.0697748910159157,15.0
Dataset/synthetic_shape_dataset_multiple/star_116_original.png,Dataset/synthetic_shape_dataset_multiple/star_116_transformed_0.png,1.0870554908848964,-0.09340232306675093,-6.0,0.0131218258280226,1.0909818751492657,8.0
Dataset/synthetic_shape_dataset_multiple/star_116_original.png,Dataset/synthetic_shape_dataset_multiple/star_116_transformed_1.png,0.9926802353049614,0.15429479457979145,19.0,-0.07596669716838682,1.0017235118139438,11.0
Dataset/synthetic_shape_dataset_multiple/star_117_original.png,Dataset/synthetic_shape_dataset_multiple/star_117_transformed_0.png,1.027541351682487,0.056628117449752866,12.0,-0.07734831412951267,1.0261896566447635,8.0
Dataset/synthetic_shape_dataset_multiple/star_117_original.png,Dataset/synthetic_shape_dataset_multiple/star_117_transformed_1.png,1.0799267648622608,-0.07707393865139335,1.0,-0.0008275372903891849,1.0826733231529908,-15.0
Dataset/synthetic_shape_dataset_multiple/star_118_original.png,Dataset/synthetic_shape_dataset_multiple/star_118_transformed_0.png,1.0406479775744892,0.15881911355992337,0.0,-0.07029689683187895,1.050347595016832,-10.0
Dataset/synthetic_shape_dataset_multiple/star_118_original.png,Dataset/synthetic_shape_dataset_multiple/star_118_transformed_1.png,1.0829947789671177,0.0355709157524889,2.0,-0.021223856194305397,1.083370910282231,-2.0
Dataset/synthetic_shape_dataset_multiple/star_119_original.png,Dataset/synthetic_shape_dataset_multiple/star_119_transformed_0.png,1.0340123014198166,-0.042636384115476,-3.0,-0.023791026525244376,1.0346174596413997,-6.0
Dataset/synthetic_shape_dataset_multiple/star_119_original.png,Dataset/synthetic_shape_dataset_multiple/star_119_transformed_1.png,1.0003977377000022,-0.011020580727702893,4.0,-0.027730368845165037,1.0000740539772888,3.0
Dataset/synthetic_shape_dataset_multiple/star_120_original.png,Dataset/synthetic_shape_dataset_multiple/star_120_transformed_0.png,1.0373484617614064,0.0473115341588096,7.0,-0.034581917761117555,1.037850809773341,-13.0
Dataset/synthetic_shape_dataset_multiple/star_120_original.png,Dataset/synthetic_shape_dataset_multiple/star_120_transformed_1.png,1.0288731014014163,-0.0907939539134196,-17.0,0.09338109260994043,1.028641517924284,-13.0
Dataset/synthetic_shape_dataset_multiple/star_121_original.png,Dataset/synthetic_shape_dataset_multiple/star_121_transformed_0.png,1.0531869056398533,0.04583469542259388,-8.0,-0.03584685348592628,1.053574145758565,7.0
Dataset/synthetic_shape_dataset_multiple/star_121_original.png,Dataset/synthetic_shape_dataset_multiple/star_121_transformed_1.png,1.091824791752104,-0.01479337479643192,-6.0,0.05209598736463666,1.090681542854236,18.0
Dataset/synthetic_shape_dataset_multiple/star_122_original.png,Dataset/synthetic_shape_dataset_multiple/star_122_transformed_0.png,1.0509149196755918,-0.08503530444223807,4.0,0.05005924445311929,1.0531605971755316,6.0
Dataset/synthetic_shape_dataset_multiple/star_122_original.png,Dataset/synthetic_shape_dataset_multiple/star_122_transformed_1.png,1.0460684250845658,-0.010099845705816592,16.0,0.0030873603827853537,1.0461126254127955,-9.0
Dataset/synthetic_shape_dataset_multiple/star_123_original.png,Dataset/synthetic_shape_dataset_multiple/star_123_transformed_0.png,1.0647119714426931,-0.05215496931986695,0.0,0.14410940573293118,1.0562027277646295,-6.0
Dataset/synthetic_shape_dataset_multiple/star_123_original.png,Dataset/synthetic_shape_dataset_multiple/star_123_transformed_1.png,1.0145984092595184,-0.042288341038068396,-6.0,-0.0250953021367369,1.0151691788418142,-3.0
Dataset/synthetic_shape_dataset_multiple/star_124_original.png,Dataset/synthetic_shape_dataset_multiple/star_124_transformed_0.png,1.0035152189991023,-0.16605924683048276,-5.0,0.09081959739485516,1.013099338144962,-7.0
Dataset/synthetic_shape_dataset_multiple/star_124_original.png,Dataset/synthetic_shape_dataset_multiple/star_124_transformed_1.png,1.003657767783075,0.005385843193649878,-12.0,0.06938272867622987,1.0012711716111933,16.0
Dataset/synthetic_shape_dataset_multiple/star_125_original.png,Dataset/synthetic_shape_dataset_multiple/star_125_transformed_0.png,1.0975831915723704,-0.006360652811043552,16.0,-0.0005813047989166275,1.097601467934106,20.0
Dataset/synthetic_shape_dataset_multiple/star_125_original.png,Dataset/synthetic_shape_dataset_multiple/star_125_transformed_1.png,1.0129486334369904,-0.2174421242010299,-14.0,0.17377076529045277,1.0213470186421914,-17.0
Dataset/synthetic_shape_dataset_multiple/star_126_original.png,Dataset/synthetic_shape_dataset_multiple/star_126_transformed_0.png,1.0322373808196401,0.08940264633549366,-20.0,-0.05657534183179282,1.0345559792634693,-3.0
Dataset/synthetic_shape_dataset_multiple/star_126_original.png,Dataset/synthetic_shape_dataset_multiple/star_126_transformed_1.png,1.0915450550143249,0.09097180807703262,19.0,-0.1646027827214664,1.0828907613011478,11.0
Dataset/synthetic_shape_dataset_multiple/star_127_original.png,Dataset/synthetic_shape_dataset_multiple/star_127_transformed_0.png,1.0677048291991194,-0.15478108374492405,7.0,0.08617648851334425,1.075418243758159,-9.0
Dataset/synthetic_shape_dataset_multiple/star_127_original.png,Dataset/synthetic_shape_dataset_multiple/star_127_transformed_1.png,1.0316405371669952,-0.0322036091933589,0.0,-0.04065304640866836,1.0313421353697227,14.0
Dataset/synthetic_shape_dataset_multiple/star_128_original.png,Dataset/synthetic_shape_dataset_multiple/star_128_transformed_0.png,1.033905260121412,-0.10165164324844157,-14.0,0.11595405237714931,1.0323990513455301,6.0
Dataset/synthetic_shape_dataset_multiple/star_128_original.png,Dataset/synthetic_shape_dataset_multiple/star_128_transformed_1.png,1.0009470337588566,0.14719550374838336,-14.0,-0.14145695328287533,1.0017741317693927,13.0
Dataset/synthetic_shape_dataset_multiple/star_129_original.png,Dataset/synthetic_shape_dataset_multiple/star_129_transformed_0.png,1.0813109437745387,-0.10502423691604701,-12.0,0.09582518834189982,1.0821649508026125,18.0
Dataset/synthetic_shape_dataset_multiple/star_129_original.png,Dataset/synthetic_shape_dataset_multiple/star_129_transformed_1.png,1.0172554782128878,-0.08397132271969139,-8.0,0.09161735188360973,1.0165953727158414,2.0
Dataset/synthetic_shape_dataset_multiple/star_130_original.png,Dataset/synthetic_shape_dataset_multiple/star_130_transformed_0.png,1.0428029862127448,0.1240035475559169,-3.0,-0.14758916441841208,1.0397270730374129,-7.0
Dataset/synthetic_shape_dataset_multiple/star_130_original.png,Dataset/synthetic_shape_dataset_multiple/star_130_transformed_1.png,1.0914773070757053,-0.04975403761905338,7.0,0.11160636337124369,1.0868956692229836,3.0
Dataset/synthetic_shape_dataset_multiple/star_131_original.png,Dataset/synthetic_shape_dataset_multiple/star_131_transformed_0.png,1.0582245972546165,0.10251993572405783,7.0,-0.06223947903170527,1.0613556815250116,-12.0
Dataset/synthetic_shape_dataset_multiple/star_131_original.png,Dataset/synthetic_shape_dataset_multiple/star_131_transformed_1.png,0.9952239711258992,-0.0976775348930776,7.0,0.023901239640312863,0.9997201529778469,-4.0
Dataset/synthetic_shape_dataset_multiple/star_132_original.png,Dataset/synthetic_shape_dataset_multiple/star_132_transformed_0.png,1.0404145762283816,-0.05440427058221437,-16.0,0.12544886176335937,1.0342557218446236,9.0
Dataset/synthetic_shape_dataset_multiple/star_132_original.png,Dataset/synthetic_shape_dataset_multiple/star_132_transformed_1.png,1.0816593964098768,-0.04741228233087571,12.0,-0.03306256243492152,1.0821930702618818,7.0
Dataset/synthetic_shape_dataset_multiple/star_133_original.png,Dataset/synthetic_shape_dataset_multiple/star_133_transformed_0.png,1.059389625231923,-0.0980547586213015,-14.0,0.13530145533947507,1.0552794084603072,6.0
Dataset/synthetic_shape_dataset_multiple/star_133_original.png,Dataset/synthetic_shape_dataset_multiple/star_133_transformed_1.png,1.0440231980474504,-0.23210633154289384,18.0,0.18034537709486054,1.0541979568202728,2.0
Dataset/synthetic_shape_dataset_multiple/star_134_original.png,Dataset/synthetic_shape_dataset_multiple/star_134_transformed_0.png,1.063418603152799,0.02677971059665753,-12.0,0.03875722514680704,1.0630494607166734,-16.0
Dataset/synthetic_shape_dataset_multiple/star_134_original.png,Dataset/synthetic_shape_dataset_multiple/star_134_transformed_1.png,1.0875817846784537,-0.13469529837844024,19.0,0.13641575151581162,1.087367327313086,16.0
Dataset/synthetic_shape_dataset_multiple/star_135_original.png,Dataset/synthetic_shape_dataset_multiple/star_135_transformed_0.png,1.0745944008569714,-0.08821208010999243,20.0,0.06556771543505768,1.076213441712708,-12.0
Dataset/synthetic_shape_dataset_multiple/star_135_original.png,Dataset/synthetic_shape_dataset_multiple/star_135_transformed_1.png,1.044737169619093,-0.18779765149600333,-14.0,0.10775784305190658,1.0559980865285357,-8.0
Dataset/synthetic_shape_dataset_multiple/star_136_original.png,Dataset/synthetic_shape_dataset_multiple/star_136_transformed_0.png,1.063971502256755,-0.05831329989908824,-20.0,0.05406843118664066,1.0641956602564364,7.0
Dataset/synthetic_shape_dataset_multiple/star_136_original.png,Dataset/synthetic_shape_dataset_multiple/star_136_transformed_1.png,1.040455724743094,-0.044290174714105825,13.0,-0.019749514972269483,1.0412106853971692,-16.0
Dataset/synthetic_shape_dataset_multiple/star_137_original.png,Dataset/synthetic_shape_dataset_multiple/star_137_transformed_0.png,0.9949245240726157,-0.1732852812577316,5.0,0.10527209276516757,1.004400509650674,1.0
Dataset/synthetic_shape_dataset_multiple/star_137_original.png,Dataset/synthetic_shape_dataset_multiple/star_137_transformed_1.png,1.041507955438037,-0.060717897550439534,-20.0,0.08853496509489202,1.039512887981343,20.0
Dataset/synthetic_shape_dataset_multiple/star_138_original.png,Dataset/synthetic_shape_dataset_multiple/star_138_transformed_0.png,1.0778489530939594,-0.08113395934375224,14.0,0.1340845500585616,1.072549494652872,3.0
Dataset/synthetic_shape_dataset_multiple/star_138_original.png,Dataset/synthetic_shape_dataset_multiple/star_138_transformed_1.png,1.041168367047272,0.012403304069640122,12.0,0.031618317033734494,1.040762072963692,-4.0
Dataset/synthetic_shape_dataset_multiple/star_139_original.png,Dataset/synthetic_shape_dataset_multiple/star_139_transformed_0.png,1.0657360970082974,-0.038887083274493396,-1.0,0.026678542705701108,1.0661115744007175,6.0
Dataset/synthetic_shape_dataset_multiple/star_139_original.png,Dataset/synthetic_shape_dataset_multiple/star_139_transformed_1.png,1.0320265993652389,0.16503223180168372,20.0,-0.08759226565380655,1.041461537613587,16.0
Dataset/synthetic_shape_dataset_multiple/star_140_original.png,Dataset/synthetic_shape_dataset_multiple/star_140_transformed_0.png,1.016591092151672,-0.14590985626724404,-13.0,0.1094768241204568,1.0211571670308912,4.0
Dataset/synthetic_shape_dataset_multiple/star_140_original.png,Dataset/synthetic_shape_dataset_multiple/star_140_transformed_1.png,1.0132701959461399,0.038003748646627304,-3.0,-0.05825781252469231,1.0123076618221174,18.0
Dataset/synthetic_shape_dataset_multiple/star_141_original.png,Dataset/synthetic_shape_dataset_multiple/star_141_transformed_0.png,0.9932817611420717,-0.14753513352957282,-5.0,0.06529669999456637,1.0020536979687786,-7.0
Dataset/synthetic_shape_dataset_multiple/star_141_original.png,Dataset/synthetic_shape_dataset_multiple/star_141_transformed_1.png,1.0421712682839555,0.08066367388215698,9.0,-0.03921291675629199,1.0445525012560257,-19.0
Dataset/synthetic_shape_dataset_multiple/star_142_original.png,Dataset/synthetic_shape_dataset_multiple/star_142_transformed_0.png,1.0051811060015652,-0.251397182423101,5.0,0.1770203949957525,1.0209081148410721,7.0
Dataset/synthetic_shape_dataset_multiple/star_142_original.png,Dataset/synthetic_shape_dataset_multiple/star_142_transformed_1.png,0.9770095109037085,0.21758213294692147,-7.0,-0.1534373332947322,0.9891140246328715,12.0
Dataset/synthetic_shape_dataset_multiple/star_143_original.png,Dataset/synthetic_shape_dataset_multiple/star_143_transformed_0.png,1.0561948918258006,0.09947063331798064,10.0,-0.05808544974537191,1.0592771766348374,-9.0
Dataset/synthetic_shape_dataset_multiple/star_143_original.png,Dataset/synthetic_shape_dataset_multiple/star_143_transformed_1.png,1.0311057527832093,0.1679548963914992,4.0,-0.16757249367836127,1.0311679688619713,12.0
Dataset/synthetic_shape_dataset_multiple/star_144_original.png,Dataset/synthetic_shape_dataset_multiple/star_144_transformed_0.png,1.030851705062497,0.13701102608569077,15.0,-0.11037351783531882,1.0340430095793733,-10.0
Dataset/synthetic_shape_dataset_multiple/star_144_original.png,Dataset/synthetic_shape_dataset_multiple/star_144_transformed_1.png,1.0016567557523803,-0.021240718843725685,17.0,-0.026419746909565094,1.0015335348627208,-3.0
Dataset/synthetic_shape_dataset_multiple/star_145_original.png,Dataset/synthetic_shape_dataset_multiple/star_145_transformed_0.png,1.0569566495241702,0.06926725267992326,-20.0,-0.12891533097575358,1.051349679557946,-9.0
Dataset/synthetic_shape_dataset_multiple/star_145_original.png,Dataset/synthetic_shape_dataset_multiple/star_145_transformed_1.png,1.0011929218723596,-0.008076852857983747,9.0,0.028455292197827053,1.0008210622810347,9.0
Dataset/synthetic_shape_dataset_multiple/star_146_original.png,Dataset/synthetic_shape_dataset_multiple/star_146_transformed_0.png,1.0513149578967484,0.011412280435060857,18.0,0.06363026347397892,1.0494496512040978,-10.0
Dataset/synthetic_shape_dataset_multiple/star_146_original.png,Dataset/synthetic_shape_dataset_multiple/star_146_transformed_1.png,0.9923900057715674,-0.24368871659773883,-12.0,0.1677059762490201,1.0080162794730587,16.0
Dataset/synthetic_shape_dataset_multiple/star_147_original.png,Dataset/synthetic_shape_dataset_multiple/star_147_transformed_0.png,1.005940164091414,-0.021060235551846617,-16.0,0.07180576676319228,1.0035950772663795,16.0
Dataset/synthetic_shape_dataset_multiple/star_147_original.png,Dataset/synthetic_shape_dataset_multiple/star_147_transformed_1.png,0.9958398815624079,0.15024149858075644,-4.0,-0.07536848311460093,1.0042854023428929,15.0
Dataset/synthetic_shape_dataset_multiple/star_148_original.png,Dataset/synthetic_shape_dataset_multiple/star_148_transformed_0.png,1.0393228273216217,-0.1265541377890475,6.0,0.11444867234556488,1.0407254155547832,7.0
Dataset/synthetic_shape_dataset_multiple/star_148_original.png,Dataset/synthetic_shape_dataset_multiple/star_148_transformed_1.png,1.0383915888757629,0.008494015362556655,-16.0,0.0478543113375908,1.0373230957764874,-15.0
Dataset/synthetic_shape_dataset_multiple/star_149_original.png,Dataset/synthetic_shape_dataset_multiple/star_149_transformed_0.png,1.0408360162603907,-0.11878988308095496,-19.0,0.04046761449861212,1.0468108813171455,-14.0
Dataset/synthetic_shape_dataset_multiple/star_149_original.png,Dataset/synthetic_shape_dataset_multiple/star_149_transformed_1.png,0.9999740826572406,0.13747259904325201,-17.0,-0.15352655958358286,0.9976354429230776,16.0
Dataset/synthetic_shape_dataset_multiple/star_150_original.png,Dataset/synthetic_shape_dataset_multiple/star_150_transformed_0.png,1.0899613544746767,0.11976591713073177,-17.0,-0.10204261112471626,1.091763222804875,7.0
Dataset/synthetic_shape_dataset_multiple/star_150_original.png,Dataset/synthetic_shape_dataset_multiple/star_150_transformed_1.png,1.0304047723602552,0.0638570079645608,13.0,-0.023464978937773197,1.0321148710935353,-17.0
Dataset/synthetic_shape_dataset_multiple/star_151_original.png,Dataset/synthetic_shape_dataset_multiple/star_151_transformed_0.png,1.0637541037993583,0.18456830544433958,-10.0,-0.16463513152499726,1.0670208649282908,-10.0
Dataset/synthetic_shape_dataset_multiple/star_151_original.png,Dataset/synthetic_shape_dataset_multiple/star_151_transformed_1.png,1.0425028261414437,0.019551507492471188,-3.0,0.005261055326981826,1.0426728754767585,-17.0
Dataset/synthetic_shape_dataset_multiple/star_152_original.png,Dataset/synthetic_shape_dataset_multiple/star_152_transformed_0.png,1.021507381987221,0.09630798653663775,13.0,-0.08657856626890659,1.0223779690446912,5.0
Dataset/synthetic_shape_dataset_multiple/star_152_original.png,Dataset/synthetic_shape_dataset_multiple/star_152_transformed_1.png,0.9766717864241271,0.24570394546041416,-10.0,-0.16836598477660578,0.9929305627192233,-4.0
Dataset/synthetic_shape_dataset_multiple/star_153_original.png,Dataset/synthetic_shape_dataset_multiple/star_153_transformed_0.png,1.0454453059871835,0.11568394671814575,4.0,-0.03280510068886457,1.0513146478137343,8.0
Dataset/synthetic_shape_dataset_multiple/star_153_original.png,Dataset/synthetic_shape_dataset_multiple/star_153_transformed_1.png,1.0747786229382326,0.17341650587727717,-12.0,-0.14874209266954827,1.0784702882805675,-17.0
Dataset/synthetic_shape_dataset_multiple/star_154_original.png,Dataset/synthetic_shape_dataset_multiple/star_154_transformed_0.png,1.0209509834697952,-0.00362953846172693,10.0,0.05285810275860976,1.019588203722536,-3.0
Dataset/synthetic_shape_dataset_multiple/star_154_original.png,Dataset/synthetic_shape_dataset_multiple/star_154_transformed_1.png,1.0011180988373622,-0.01677524526498646,10.0,-0.04634955867722218,1.000185270379374,14.0
Dataset/synthetic_shape_dataset_multiple/star_155_original.png,Dataset/synthetic_shape_dataset_multiple/star_155_transformed_0.png,1.0693965118435977,-0.007191174529978868,7.0,0.013477229263027505,1.069335764306874,5.0
Dataset/synthetic_shape_dataset_multiple/star_155_original.png,Dataset/synthetic_shape_dataset_multiple/star_155_transformed_1.png,1.0145037026504289,-0.1536170554664909,-19.0,0.14162488384565924,1.0162471917291227,-14.0
Dataset/synthetic_shape_dataset_multiple/star_156_original.png,Dataset/synthetic_shape_dataset_multiple/star_156_transformed_0.png,1.0316349134129368,-0.015508360265197996,1.0,0.0991084349902969,1.0269803415472016,11.0
Dataset/synthetic_shape_dataset_multiple/star_156_original.png,Dataset/synthetic_shape_dataset_multiple/star_156_transformed_1.png,1.0641381364930729,-0.08494359713137153,0.0,-0.004831363808199608,1.0675120824404376,10.0
Dataset/synthetic_shape_dataset_multiple/star_157_original.png,Dataset/synthetic_shape_dataset_multiple/star_157_transformed_0.png,1.0154709841624021,0.047737967680728195,-10.0,0.006496194223392194,1.0165717056335257,-4.0
Dataset/synthetic_shape_dataset_multiple/star_157_original.png,Dataset/synthetic_shape_dataset_multiple/star_157_transformed_1.png,1.0584670949684287,-0.05226874361745903,-19.0,0.02126648086653707,1.0595434627620548,2.0
Dataset/synthetic_shape_dataset_multiple/star_158_original.png,Dataset/synthetic_shape_dataset_multiple/star_158_transformed_0.png,1.0750705905153655,-0.05766727689255504,9.0,0.011716307835221347,1.0765523756631488,-3.0
Dataset/synthetic_shape_dataset_multiple/star_158_original.png,Dataset/synthetic_shape_dataset_multiple/star_158_transformed_1.png,1.0495773906679957,0.009930287274624819,13.0,-0.09450378637874107,1.0453613461224192,-10.0
Dataset/synthetic_shape_dataset_multiple/star_159_original.png,Dataset/synthetic_shape_dataset_multiple/star_159_transformed_0.png,1.004363316609843,0.026227563585877484,11.0,-0.05875902279260896,1.0029860089171894,-16.0
Dataset/synthetic_shape_dataset_multiple/star_159_original.png,Dataset/synthetic_shape_dataset_multiple/star_159_transformed_1.png,1.0117650413906563,0.11507506296218047,8.0,-0.13360113041023683,1.0094857636683605,-7.0
Dataset/synthetic_shape_dataset_multiple/star_160_original.png,Dataset/synthetic_shape_dataset_multiple/star_160_transformed_0.png,0.9968711997780549,0.10298201967845967,5.0,-0.11731127118426046,0.9952866677380575,-5.0
Dataset/synthetic_shape_dataset_multiple/star_160_original.png,Dataset/synthetic_shape_dataset_multiple/star_160_transformed_1.png,1.0793220862590192,-0.010638643923891642,12.0,0.0616020219497713,1.0776152084685706,18.0
Dataset/synthetic_shape_dataset_multiple/star_161_original.png,Dataset/synthetic_shape_dataset_multiple/star_161_transformed_0.png,1.0811394943800552,-0.09391181877554662,8.0,0.16032909898007686,1.0733017357827803,-17.0
Dataset/synthetic_shape_dataset_multiple/star_161_original.png,Dataset/synthetic_shape_dataset_multiple/star_161_transformed_1.png,1.0295316018204677,0.09425729946908042,13.0,-0.013111416566837142,1.0337542495225027,-14.0
Dataset/synthetic_shape_dataset_multiple/star_162_original.png,Dataset/synthetic_shape_dataset_multiple/star_162_transformed_0.png,1.0792775124068275,0.01893622480727695,-7.0,-0.07987775670462588,1.0764841259307347,-4.0
Dataset/synthetic_shape_dataset_multiple/star_162_original.png,Dataset/synthetic_shape_dataset_multiple/star_162_transformed_1.png,1.0882464367420073,-0.14433926072254058,-8.0,0.14990436723297498,1.08749382065007,-18.0
Dataset/synthetic_shape_dataset_multiple/star_163_original.png,Dataset/synthetic_shape_dataset_multiple/star_163_transformed_0.png,1.0071944977524603,-0.1189565188007867,-3.0,0.11387676184298853,1.0077814707466037,-13.0
Dataset/synthetic_shape_dataset_multiple/star_163_original.png,Dataset/synthetic_shape_dataset_multiple/star_163_transformed_1.png,1.009629931417545,-0.19183727748684543,1.0,0.10552875379357884,1.0222611317909607,-5.0
Dataset/synthetic_shape_dataset_multiple/star_164_original.png,Dataset/synthetic_shape_dataset_multiple/star_164_transformed_0.png,1.0607273157535173,0.03430676874196175,-3.0,-0.01549802736029453,1.0611687914347632,-6.0
Dataset/synthetic_shape_dataset_multiple/star_164_original.png,Dataset/synthetic_shape_dataset_multiple/star_164_transformed_1.png,1.012698686922258,-0.05731096268816459,17.0,0.11534332343424765,1.0077395966604927,-2.0
Dataset/synthetic_shape_dataset_multiple/star_165_original.png,Dataset/synthetic_shape_dataset_multiple/star_165_transformed_0.png,1.0289733311558047,-0.0924199611491018,12.0,0.07891255019246235,1.0300972647623121,12.0
Dataset/synthetic_shape_dataset_multiple/star_165_original.png,Dataset/synthetic_shape_dataset_multiple/star_165_transformed_1.png,1.0534534887355154,-0.03493061177347073,-18.0,0.043561908735840274,1.053131881900452,14.0
Dataset/synthetic_shape_dataset_multiple/star_166_original.png,Dataset/synthetic_shape_dataset_multiple/star_166_transformed_0.png,1.054429430056533,-0.10256397944052612,-2.0,0.019660550457271525,1.0592234210041518,15.0
Dataset/synthetic_shape_dataset_multiple/star_166_original.png,Dataset/synthetic_shape_dataset_multiple/star_166_transformed_1.png,1.0629524626689626,0.24233303451615118,-6.0,-0.16923005495229715,1.0770118040266137,-14.0
Dataset/synthetic_shape_dataset_multiple/star_167_original.png,Dataset/synthetic_shape_dataset_multiple/star_167_transformed_0.png,0.9989481309896237,0.0957412999419746,-18.0,-0.06130021635706675,1.0016516602076884,15.0
Dataset/synthetic_shape_dataset_multiple/star_167_original.png,Dataset/synthetic_shape_dataset_multiple/star_167_transformed_1.png,1.0830964752505616,-0.1458679739281731,-14.0,0.0656535270203559,1.0909010289242045,-6.0
Dataset/synthetic_shape_dataset_multiple/star_168_original.png,Dataset/synthetic_shape_dataset_multiple/star_168_transformed_0.png,1.0572701491546668,-0.12180085067072259,8.0,0.181835973493403,1.0486139872523872,-17.0
Dataset/synthetic_shape_dataset_multiple/star_168_original.png,Dataset/synthetic_shape_dataset_multiple/star_168_transformed_1.png,1.0520140846318446,-0.056386921113077706,12.0,0.017409716382728035,1.0533802831417831,4.0
Dataset/synthetic_shape_dataset_multiple/star_169_original.png,Dataset/synthetic_shape_dataset_multiple/star_169_transformed_0.png,1.0322190096326829,-0.008032570917740579,9.0,-0.03762353237455729,1.0315643827964815,11.0
Dataset/synthetic_shape_dataset_multiple/star_169_original.png,Dataset/synthetic_shape_dataset_multiple/star_169_transformed_1.png,1.0792147553748113,0.01733878068039703,1.0,-0.046186984297717774,1.0783653759351135,18.0
Dataset/synthetic_shape_dataset_multiple/star_170_original.png,Dataset/synthetic_shape_dataset_multiple/star_170_transformed_0.png,1.0383710602682126,0.07674711566319992,13.0,-0.1499353465075858,1.0303513820211059,2.0
Dataset/synthetic_shape_dataset_multiple/star_170_original.png,Dataset/synthetic_shape_dataset_multiple/star_170_transformed_1.png,1.0910366554594562,-0.11659552937058329,9.0,0.11903937564383252,1.090772720630512,4.0
Dataset/synthetic_shape_dataset_multiple/star_171_original.png,Dataset/synthetic_shape_dataset_multiple/star_171_transformed_0.png,1.0867335317109892,-0.1146859166447845,10.0,0.12940491455124387,1.085079258170425,14.0
Dataset/synthetic_shape_dataset_multiple/star_171_original.png,Dataset/synthetic_shape_dataset_multiple/star_171_transformed_1.png,1.0781625609862566,0.12938031496294866,20.0,-0.1443751015126967,1.076257220127026,-15.0
Dataset/synthetic_shape_dataset_multiple/star_172_original.png,Dataset/synthetic_shape_dataset_multiple/star_172_transformed_0.png,1.098945548628753,0.04014923399630222,2.0,-0.1290075986783618,1.092085307713955,-1.0
Dataset/synthetic_shape_dataset_multiple/star_172_original.png,Dataset/synthetic_shape_dataset_multiple/star_172_transformed_1.png,1.0522164571505024,0.04830343278649008,8.0,-0.02135453137365162,1.0531081038084957,1.0
Dataset/synthetic_shape_dataset_multiple/star_173_original.png,Dataset/synthetic_shape_dataset_multiple/star_173_transformed_0.png,1.035525929657213,-0.21802723912566935,-16.0,0.17552849647812455,1.0435705893313236,-1.0
Dataset/synthetic_shape_dataset_multiple/star_173_original.png,Dataset/synthetic_shape_dataset_multiple/star_173_transformed_1.png,1.079214808065778,0.04145189089390334,-14.0,0.0032156995978790833,1.0800057965044587,5.0
Dataset/synthetic_shape_dataset_multiple/star_174_original.png,Dataset/synthetic_shape_dataset_multiple/star_174_transformed_0.png,1.0781728493474922,-0.16473780883819428,14.0,0.08337336953826986,1.0874944229662673,-19.0
Dataset/synthetic_shape_dataset_multiple/star_174_original.png,Dataset/synthetic_shape_dataset_multiple/star_174_transformed_1.png,1.0729196847826419,0.01830848164114193,4.0,-0.00315076229194997,1.073071257275614,-20.0
Dataset/synthetic_shape_dataset_multiple/star_175_original.png,Dataset/synthetic_shape_dataset_multiple/star_175_transformed_0.png,1.0676859432971153,0.07054512204759956,12.0,-0.05137137173699385,1.068780084921506,-5.0
Dataset/synthetic_shape_dataset_multiple/star_175_original.png,Dataset/synthetic_shape_dataset_multiple/star_175_transformed_1.png,1.044249288153545,0.154383771381356,-8.0,-0.13810404320215308,1.0465267306315371,-8.0
Dataset/synthetic_shape_dataset_multiple/star_176_original.png,Dataset/synthetic_shape_dataset_multiple/star_176_transformed_0.png,1.05923600874311,-0.1097747745445684,17.0,0.17500125129493646,1.0504313330197035,5.0
Dataset/synthetic_shape_dataset_multiple/star_176_original.png,Dataset/synthetic_shape_dataset_multiple/star_176_transformed_1.png,1.0435657937387792,-0.09648225191159032,-16.0,0.0251966575332213,1.0477134719209893,0.0
Dataset/synthetic_shape_dataset_multiple/star_177_original.png,Dataset/synthetic_shape_dataset_multiple/star_177_transformed_0.png,1.0555028344842126,0.1358376500362622,9.0,-0.0723665761781037,1.0617444039993051,-10.0
Dataset/synthetic_shape_dataset_multiple/star_177_original.png,Dataset/synthetic_shape_dataset_multiple/star_177_transformed_1.png,1.0027508007415817,-0.016900669200527112,-15.0,0.039343379747191605,1.0021211999939814,-11.0
Dataset/synthetic_shape_dataset_multiple/star_178_original.png,Dataset/synthetic_shape_dataset_multiple/star_178_transformed_0.png,1.029499350320097,0.12087008400674153,-3.0,-0.16010338887951805,1.0241315317802653,13.0
Dataset/synthetic_shape_dataset_multiple/star_178_original.png,Dataset/synthetic_shape_dataset_multiple/star_178_transformed_1.png,1.033093526772825,-0.10335905026602625,6.0,0.09284855722722446,1.0340911341620869,-10.0
Dataset/synthetic_shape_dataset_multiple/star_179_original.png,Dataset/synthetic_shape_dataset_multiple/star_179_transformed_0.png,1.032606493357497,0.21467919747133488,-11.0,-0.18208025154324622,1.0388503790002441,8.0
Dataset/synthetic_shape_dataset_multiple/star_179_original.png,Dataset/synthetic_shape_dataset_multiple/star_179_transformed_1.png,1.0689780633933994,-0.060462779011855775,3.0,0.0638796057849027,1.0687793241015213,1.0
Dataset/synthetic_shape_dataset_multiple/star_180_original.png,Dataset/synthetic_shape_dataset_multiple/star_180_transformed_0.png,1.0526685259559496,0.13413727578646636,-20.0,-0.1603785444198206,1.0489912091068572,-12.0
Dataset/synthetic_shape_dataset_multiple/star_180_original.png,Dataset/synthetic_shape_dataset_multiple/star_180_transformed_1.png,1.0100354153065776,-0.23872729905658474,-7.0,0.15683458987579282,1.025945990248451,17.0
Dataset/synthetic_shape_dataset_multiple/star_181_original.png,Dataset/synthetic_shape_dataset_multiple/star_181_transformed_0.png,1.0928054307908326,0.05118972669061892,-5.0,0.03945395247773322,1.093292039355671,-9.0
Dataset/synthetic_shape_dataset_multiple/star_181_original.png,Dataset/synthetic_shape_dataset_multiple/star_181_transformed_1.png,1.037287309893256,-0.1570576221205302,1.0,0.09713951585039414,1.0446032617181003,5.0
Dataset/synthetic_shape_dataset_multiple/star_182_original.png,Dataset/synthetic_shape_dataset_multiple/star_182_transformed_0.png,1.018820062786189,-0.0693742569450858,7.0,0.13795294367064562,1.011818211535521,15.0
Dataset/synthetic_shape_dataset_multiple/star_182_original.png,Dataset/synthetic_shape_dataset_multiple/star_182_transformed_1.png,0.9944219712156469,-0.1483304653157548,-8.0,0.12211947490504974,0.9979798683471106,-15.0
Dataset/synthetic_shape_dataset_multiple/star_183_original.png,Dataset/synthetic_shape_dataset_multiple/star_183_transformed_0.png,1.048292963535346,0.09480341068715242,6.0,-0.006087427897194243,1.0525534510404835,14.0
Dataset/synthetic_shape_dataset_multiple/star_183_original.png,Dataset/synthetic_shape_dataset_multiple/star_183_transformed_1.png,1.035030454873141,0.05536685631151518,-13.0,0.030652509078299396,1.0360569265151052,10.0
Dataset/synthetic_shape_dataset_multiple/star_184_original.png,Dataset/synthetic_shape_dataset_multiple/star_184_transformed_0.png,1.057237528532552,0.19381917204020555,-17.0,-0.12117063843281513,1.0680050278766262,-14.0
Dataset/synthetic_shape_dataset_multiple/star_184_original.png,Dataset/synthetic_shape_dataset_multiple/star_184_transformed_1.png,1.0700674418899319,0.0908388510136797,-10.0,-0.01949624065462826,1.0737392251597615,6.0
Dataset/synthetic_shape_dataset_multiple/star_185_original.png,Dataset/synthetic_shape_dataset_multiple/star_185_transformed_0.png,1.0681854334671717,0.11193263791175148,20.0,-0.06384589361647569,1.0721346639157072,16.0
Dataset/synthetic_shape_dataset_multiple/star_185_original.png,Dataset/synthetic_shape_dataset_multiple/star_185_transformed_1.png,1.0545279211533336,0.04528532723630505,13.0,0.022655076481331804,1.0552566725041332,-18.0
Dataset/synthetic_shape_dataset_multiple/star_186_original.png,Dataset/synthetic_shape_dataset_multiple/star_186_transformed_0.png,1.0238681641274503,0.11128775470527369,-14.0,-0.13807859477515394,1.0206004524425685,-16.0
Dataset/synthetic_shape_dataset_multiple/star_186_original.png,Dataset/synthetic_shape_dataset_multiple/star_186_transformed_1.png,1.0200898732218198,-0.13497824343048975,17.0,0.045823728538006,1.0279604377368636,13.0
Dataset/synthetic_shape_dataset_multiple/star_187_original.png,Dataset/synthetic_shape_dataset_multiple/star_187_transformed_0.png,1.0611897619143476,-0.10208637480268838,18.0,0.09179831282229504,1.0621291863399502,-7.0
Dataset/synthetic_shape_dataset_multiple/star_187_original.png,Dataset/synthetic_shape_dataset_multiple/star_187_transformed_1.png,1.0389920979997807,-0.022557830457769407,20.0,0.02183078557732759,1.0390076285677714,-6.0
Dataset/synthetic_shape_dataset_multiple/star_188_original.png,Dataset/synthetic_shape_dataset_multiple/star_188_transformed_0.png,1.0546084728972724,-0.029120384479463832,16.0,-0.036845329060894716,1.054366847745766,-15.0
Dataset/synthetic_shape_dataset_multiple/star_188_original.png,Dataset/synthetic_shape_dataset_multiple/star_188_transformed_1.png,1.0655858731315881,-0.06949525318811436,-15.0,0.09054746604068446,1.0640037592165266,14.0
Dataset/synthetic_shape_dataset_multiple/star_189_original.png,Dataset/synthetic_shape_dataset_multiple/star_189_transformed_0.png,1.0418925740691343,0.10322383173438966,16.0,-0.05472427271160058,1.0455623124972142,6.0
Dataset/synthetic_shape_dataset_multiple/star_189_original.png,Dataset/synthetic_shape_dataset_multiple/star_189_transformed_1.png,1.0577386716661463,-0.013275007821063332,8.0,0.009517985224005588,1.0577791505451357,14.0
Dataset/synthetic_shape_dataset_multiple/star_190_original.png,Dataset/synthetic_shape_dataset_multiple/star_190_transformed_0.png,1.021072421888703,-0.14245395253526535,-11.0,0.09276020324715328,1.0267801926547513,-1.0
Dataset/synthetic_shape_dataset_multiple/star_190_original.png,Dataset/synthetic_shape_dataset_multiple/star_190_transformed_1.png,1.007383286186653,0.14628049539612106,11.0,-0.07351779005241084,1.015290206378139,10.0
Dataset/synthetic_shape_dataset_multiple/star_191_original.png,Dataset/synthetic_shape_dataset_multiple/star_191_transformed_0.png,1.0005485484000822,0.18025955606868954,17.0,-0.09369029795119162,1.012330496097697,-8.0
Dataset/synthetic_shape_dataset_multiple/star_191_original.png,Dataset/synthetic_shape_dataset_multiple/star_191_transformed_1.png,1.0913516471678613,0.062443986387854616,-3.0,0.028574877575144535,1.0927630784317228,15.0
Dataset/synthetic_shape_dataset_multiple/star_192_original.png,Dataset/synthetic_shape_dataset_multiple/star_192_transformed_0.png,1.0454663721688546,-0.03172683121444017,-3.0,0.08128936094664348,1.0427840461724096,13.0
Dataset/synthetic_shape_dataset_multiple/star_192_original.png,Dataset/synthetic_shape_dataset_multiple/star_192_transformed_1.png,1.068246066900878,-0.07034999630890437,2.0,0.038264685928586784,1.0698759718961095,5.0
Dataset/synthetic_shape_dataset_multiple/star_193_original.png,Dataset/synthetic_shape_dataset_multiple/star_193_transformed_0.png,0.9993079192934758,-0.13133205047284574,-13.0,0.16911479968309326,0.9936119008809251,3.0
Dataset/synthetic_shape_dataset_multiple/star_193_original.png,Dataset/synthetic_shape_dataset_multiple/star_193_transformed_1.png,1.0307058382231695,0.1378754930658344,7.0,-0.13250525382124484,1.0314099738926519,17.0
Dataset/synthetic_shape_dataset_multiple/star_194_original.png,Dataset/synthetic_shape_dataset_multiple/star_194_transformed_0.png,1.0311173715280284,0.25080984813505436,5.0,-0.17575822880553868,1.0465264730505095,-7.0
Dataset/synthetic_shape_dataset_multiple/star_194_original.png,Dataset/synthetic_shape_dataset_multiple/star_194_transformed_1.png,1.0495459576104973,-0.007140097671629583,-19.0,0.0794843684421175,1.0465562255821013,-8.0
Dataset/synthetic_shape_dataset_multiple/star_195_original.png,Dataset/synthetic_shape_dataset_multiple/star_195_transformed_0.png,1.0613347081862208,-0.16509079626843937,16.0,0.0793684431367062,1.0711615116532769,3.0
Dataset/synthetic_shape_dataset_multiple/star_195_original.png,Dataset/synthetic_shape_dataset_multiple/star_195_transformed_1.png,1.0168633072838722,-0.02185813124604619,12.0,-0.040088388437190335,1.0163078690605387,-16.0
Dataset/synthetic_shape_dataset_multiple/star_196_original.png,Dataset/synthetic_shape_dataset_multiple/star_196_transformed_0.png,1.0925303778975162,0.11982164533966547,-16.0,-0.10181058287330567,1.0943557276022233,10.0
Dataset/synthetic_shape_dataset_multiple/star_196_original.png,Dataset/synthetic_shape_dataset_multiple/star_196_transformed_1.png,0.9968799895769593,-0.1336747068414258,1.0,0.09654418083980096,1.0011582602236628,9.0
Dataset/synthetic_shape_dataset_multiple/star_197_original.png,Dataset/synthetic_shape_dataset_multiple/star_197_transformed_0.png,1.0226854028922168,-0.05952621720223496,17.0,0.1027596770719345,1.0192493574151984,10.0
Dataset/synthetic_shape_dataset_multiple/star_197_original.png,Dataset/synthetic_shape_dataset_multiple/star_197_transformed_1.png,0.9995715239421366,0.09846118950310458,-17.0,-0.12658488505129842,0.9964005741622799,12.0
Dataset/synthetic_shape_dataset_multiple/star_198_original.png,Dataset/synthetic_shape_dataset_multiple/star_198_transformed_0.png,0.9990292163690979,0.1249662661630783,16.0,-0.15520248740289683,0.9947804434857718,19.0
Dataset/synthetic_shape_dataset_multiple/star_198_original.png,Dataset/synthetic_shape_dataset_multiple/star_198_transformed_1.png,1.0396155010342902,-0.053359675394723756,-14.0,0.07447474250609291,1.0383165016880256,16.0
Dataset/synthetic_shape_dataset_multiple/star_199_original.png,Dataset/synthetic_shape_dataset_multiple/star_199_transformed_0.png,1.0947105448467218,0.07560779230861255,-17.0,-0.11193688740327505,1.0915941775654794,16.0
Dataset/synthetic_shape_dataset_multiple/star_199_original.png,Dataset/synthetic_shape_dataset_multiple/star_199_transformed_1.png,0.9986267886589487,0.16730007176780956,-12.0,-0.12671677027366296,1.0045833151970078,-11.0
Dataset/synthetic_shape_dataset_multiple/star_200_original.png,Dataset/synthetic_shape_dataset_multiple/star_200_transformed_0.png,0.9965608347760063,0.09772755033459862,-20.0,-0.12118779076031774,0.9939807296293451,-5.0
Dataset/synthetic_shape_dataset_multiple/star_200_original.png,Dataset/synthetic_shape_dataset_multiple/star_200_transformed_1.png,1.054482782864319,0.04423255627319683,19.0,-0.006592609884355964,1.0553894996098139,20.0
